name,comment,rating,date
Figen Filiz from GoogleMaps,Ne vous fiez pas √† l‚Äôadresse sur le GPS c‚Äôest ici,3,2023-03-24 04:14:57.247769
Hanneli Victoire from GoogleMaps,"Tr√®s bon accueil par le conseiller nomm√© Laurent ! Il a compris en lisant mon portfolio que j‚Äô√©tais transgenre et ma demand√© mes pronoms, en s‚Äôexcusant de m‚Äôavoir m√©genr√© au d√©but de l‚Äôentretien. C‚Äôest vraiment tr√®s respectueux et bienveillant de sa part, je suis content d‚Äô√™tre tomb√© sur lui et j‚Äôesp√®re que tous les autres conseillers de l‚Äôagence sont aussi bien form√©s.",5,2022-06-24 04:14:57.785626
jeu ca150 from GoogleMaps,"Bonjour, tel que √©crit sur la feuille de confirmation de rendez-vous d'accompagement, je viens de contacter le num√©ro payant 3949 afin de pouvoir modifier la date de ce RDV obligatoire, pour des raisons personnelles. La personne qui √† r√©pondu a mon appel √©tait agressive, en disant que je n'avais pas le droit (!!!) d'√©changer la date de ce rendez-vous, qu'elle ne pouvait rien faire, et tout suite apr√®s elle m'a raccroch√© sur le nez !!
J'ai appel√© un num√©ro payant pour me faire raccrocher sur le nez tout simplement pour modifier une date de prise de rendez-vous. Merci pour votre professionnalisme p√¥le emploi.  Comment vous recrutez les gens qui travaillent pour vous? Pensez-vous d'√™tre capable de fournir un service un jour aux chercheurs d'emploi ?",1,2021-05-24 04:14:58.395775
Pierre P from GoogleMaps,"Je viens (enfin) de r√©ussir √† avoir l'agence de Montreuil au t√©l√©phone apr√®s de nombreuses tentatives pour leur poser une question. Je tombe sur une femme agressive et nonchalante, je lui demande son nom pour √©crire un courrier et celle ci n'a meme pas le courage de me r√©pondre et pr√©f√®re me raccrocher au nez... Quelle facilit√© ! En tant que contribuable fran√ßais je demande √† ce que ces personnes soient sanctionn√©es !",1,2020-05-24 04:14:58.932413
URBINO kelly from GoogleMaps,"P√¥le emploi de Montreuil c'est vachement d√©grader, apr√®s je pense que cela d√©pend du conseiller. En tout cas ils ne servent √† rien, j'ai demand√© un financement pour une formation √† distance, ils ne finance pas. Ensuite ma conseill√®re depuis septembre et absente  et il y a personne pour la remplac√© du coup pour parler √† un conseiller c'est difficile.",1,2020-05-24 04:14:59.437709
Matieu Leo from GoogleMaps,"Accueil super ma conseill√®re est la meilleure toujours le sourire
Pas de probl√®me que des solutions
Ne prenez pas la t√™te un rdv se fait",5,2022-05-24 04:15:01.902515
K1MARO K1MARO from GoogleMaps,Aucuns services  aucuns sourires  y‚Äôa que des filles de banlieue des meufs qui se retournent √† chaque fois qu‚Äôelles voient un homme.,1,2022-05-24 04:15:04.327242
dj melka nenet from GoogleMaps,Pole emploi Montreuil une bande d'incapable 5 milliards d'euros pour √ßa !! aucune offre d'emploi valable proposer en 5 ans √ßa sent la magouille √† plein nez  pauvre France . n'attendez pas apr√®s eux pour trouver un boulot.,1,2019-05-24 04:15:06.762236
Marine Le Grand from GoogleMaps,"Tr√®s bon accueil, et r√©solution de probl√®me rapide.
N√©anmoins impossible de les avoir via le 3949",4,2022-05-24 04:15:09.245848
Nadia Methnani from GoogleMaps,Nul aujourd'hui j'√©tais √† pol√© emploi j'ai attendu 1 heure juste pour envoyer des couvriers je ne savais pas utiliser le logiciel ! C'est pas faute d'avoir demander!!Mais personne ne m'√©couter lol,1,2018-05-24 04:15:11.741450
Pingouin Malin from GoogleMaps,"Une conseill√®re tr√®s sympathique, a l‚Äô√©coute et tr√®s p√©dagogue au t√©l√©phone.",5,2022-05-24 04:15:14.348074
Michel CAVEL from GoogleMaps,"Finalement ce sont des fonctionnaires qui s‚Äôen fichent royalement, qui eux ont la s√©curit√© de l‚Äôemploi et un salaire qui tombe √† la fin du mois sans probl√®mes",1,2019-05-24 04:15:16.765472
Danie Ch from GoogleMaps,"Une vraie catastrophe ! Perte de temps assur√©e ! A FUIR  !
Z√©ro √©toile !! ...",1,2019-05-24 04:15:19.223681
John John (‚ÄúR√¶fal‚Äù) from GoogleMaps,"De gros incapables , l'administration francaise dans toute sa splendeur",1,2018-05-24 04:15:21.673168
Fran√ßois Barb√© from GoogleMaps,Merci pour le boulot effectu√© avec le peu que l'on vous donne !,5,2017-05-24 04:15:24.111253
Florine Lafleur from GoogleMaps,Merci des conseils ou des emplois que vous nous aider √† trouver,5,2017-05-24 04:15:26.561300
madjid haroun from GoogleMaps,Haroun93 accueil chaleureux service tr√®s organis√©,4,2017-05-24 04:15:29.001196
Ali Muhammad mudassar from GoogleMaps,La personnel tr√®s agressifs,1,2021-05-24 04:15:31.435053
TheOne from GoogleMaps,Merci √† Madame DEVIDAL !,5,2022-05-24 04:15:33.856522
charlene bertrand from GoogleMaps,Un accompagnement au top!,5,2019-05-24 04:15:36.308320
Lucinda Bosc from GoogleMaps,"Incomp√©tents, odieux et condescendants.",1,2020-05-24 04:15:38.774766
Nicky skyline from GoogleMaps,On bien re√ßu.,5,2017-05-24 04:15:41.192336
Laurent Mourey from GoogleMaps,√âquipe professionnelle !,4,2022-05-24 04:15:43.618065
fali ob from GoogleMaps,üíêüíêüíêüíêüíê ‚Ä¶,5,2019-05-24 04:15:46.037105
Guillaume Romatif from GoogleMaps,Pourquoi bloquer les mauvais avis ? C est la d√©mocratie ou une r√©publique banani√®re ?,1,2023-05-10 04:15:48.450446
Helena Resendiz Segoviano from GoogleMaps,"Je change mon avis car la deuxi√®me fois que j'y suis all√© ils m'ont tr√®s bien trait√©, je dirais excellent, malheureusement la femme de ma premi√®re anecdote √©tait assez grossi√®re, c'est tr√®s triste car lors de ma deuxi√®me visite j'ai rencontr√© des gens excellents, ils m'ont trait√© tr√®s, tr√®s bien, ils font un excellent travail et essentiel.

1√®re anecdote. Si je pouvais, je ne leur donnerais pas d'√©toiles. La personne qui m'a servi, super despote, pas sympathique et sans instruction. J'avais mon visa de travail et il ne voulait tout simplement pas le faire valider car j'avais un r√©c√©piss√©, apparemment pour ces personnes, m√™me si vous avez un visa valable un an d√©livr√© par le gouvernement fran√ßais, il n'est pas valid√© en France. Apparemment, cette dame croit qu'elle peut faire ce qu'elle veut, (excusez l'expression) passant le gouvernement fran√ßais par la queue. J'ai rat√© mon rendez-vous pour postuler √† un emploi, et maintenant je ne peux pas demander un autre rendez-vous parce que j'ai besoin de temps pour passer parce que cette femme grossi√®re qui a eu une mauvaise journ√©e, qui n'aime pas son travail, qui est d'√™tre fonctionnaire, d√©teste servir le public. Madame, si vous n'aimez pas votre travail, d√©missionnez, il y a beaucoup de gens pr√™ts √† prendre votre poste et je parie qu'ils seront mieux trait√©s que vous.",4,2018-05-24 04:15:49.044364
Fares Ahlam from GoogleMaps,,5,2022-06-24 04:16:01.546921
Nour Gabteni from GoogleMaps,,2,2020-05-24 04:16:14.078491
Hozaifa Zakaria from GoogleMaps,,5,2020-05-24 04:16:26.638351
K√•j√•≈à Ks from GoogleMaps,,5,2021-05-24 04:16:39.353290
vieillard marcel from GoogleMaps,,4,2020-05-24 04:16:51.904714
Brahim Tih from GoogleMaps,,4,2016-05-24 04:17:04.500982
Hedi Jroud from GoogleMaps,,1,2020-05-24 04:17:17.063546
Seydou Sylla from GoogleMaps,,5,2017-05-24 04:17:29.896448
faisal farooq from GoogleMaps,,5,2022-05-24 04:17:42.533990
bruno david from GoogleMaps,,1,2021-05-24 04:17:55.345523
Adam Alhedi from GoogleMaps,,5,2020-05-24 04:18:08.592621
Laure Bart from GoogleMaps,,5,2022-12-24 04:18:21.395579
Mariia Peruta from GoogleMaps,,4,2022-08-24 04:18:33.820020
charlot quentin from GoogleMaps,,1,2021-05-24 04:18:46.584098
Nawal Idrici from GoogleMaps,,1,2017-05-24 04:18:59.259263
Sa√Ød Hassani from GoogleMaps,,5,2020-05-24 04:19:11.900102
Issa Traore from GoogleMaps,,5,2020-05-24 04:19:24.785076
Stephen Kimbidima from GoogleMaps,,1,2017-05-24 04:19:37.335971
daba ndiaye from GoogleMaps,,4,2017-05-24 04:19:50.045758
Fuat Bilgen from GoogleMaps,,5,2019-05-24 04:20:02.789129
Caroline LIEGEOIS from GoogleMaps,,5,2022-05-24 04:20:15.360600
djamel Souilah from GoogleMaps,,1,2020-05-24 04:20:27.933394
ALB from GoogleMaps,,4,2019-05-24 04:20:40.539901
Mimo75 Mimi from GoogleMaps,,1,2017-05-24 04:20:53.207196
Mantovani Mary from GoogleMaps,,1,2019-05-24 04:21:05.872480
yac B from GoogleMaps,,1,2019-05-24 04:21:18.459228
nicopsfr from GoogleMaps,,1,2022-05-24 04:21:31.042619
Jean Marie Kali from GoogleMaps,,3,2018-05-24 04:21:43.611349
Figen Filiz from GoogleMaps,Ne vous fiez pas √† l‚Äôadresse sur le GPS c‚Äôest ici,3,2023-03-24 05:35:28.801145
Hanneli Victoire from GoogleMaps,"Tr√®s bon accueil par le conseiller nomm√© Laurent ! Il a compris en lisant mon portfolio que j‚Äô√©tais transgenre et ma demand√© mes pronoms, en s‚Äôexcusant de m‚Äôavoir m√©genr√© au d√©but de l‚Äôentretien. C‚Äôest vraiment tr√®s respectueux et bienveillant de sa part, je suis content d‚Äô√™tre tomb√© sur lui et j‚Äôesp√®re que tous les autres conseillers de l‚Äôagence sont aussi bien form√©s.",5,2022-06-24 05:35:28.992199
jeu ca150 from GoogleMaps,"Bonjour, tel que √©crit sur la feuille de confirmation de rendez-vous d'accompagement, je viens de contacter le num√©ro payant 3949 afin de pouvoir modifier la date de ce RDV obligatoire, pour des raisons personnelles. La personne qui √† r√©pondu a mon appel √©tait agressive, en disant que je n'avais pas le droit (!!!) d'√©changer la date de ce rendez-vous, qu'elle ne pouvait rien faire, et tout suite apr√®s elle m'a raccroch√© sur le nez !!
J'ai appel√© un num√©ro payant pour me faire raccrocher sur le nez tout simplement pour modifier une date de prise de rendez-vous. Merci pour votre professionnalisme p√¥le emploi.  Comment vous recrutez les gens qui travaillent pour vous? Pensez-vous d'√™tre capable de fournir un service un jour aux chercheurs d'emploi ?",1,2021-05-24 05:35:29.166154
Pierre P from GoogleMaps,"Je viens (enfin) de r√©ussir √† avoir l'agence de Montreuil au t√©l√©phone apr√®s de nombreuses tentatives pour leur poser une question. Je tombe sur une femme agressive et nonchalante, je lui demande son nom pour √©crire un courrier et celle ci n'a meme pas le courage de me r√©pondre et pr√©f√®re me raccrocher au nez... Quelle facilit√© ! En tant que contribuable fran√ßais je demande √† ce que ces personnes soient sanctionn√©es !",1,2020-05-24 05:35:29.317492
URBINO kelly from GoogleMaps,"P√¥le emploi de Montreuil c'est vachement d√©grader, apr√®s je pense que cela d√©pend du conseiller. En tout cas ils ne servent √† rien, j'ai demand√© un financement pour une formation √† distance, ils ne finance pas. Ensuite ma conseill√®re depuis septembre et absente  et il y a personne pour la remplac√© du coup pour parler √† un conseiller c'est difficile.",1,2020-05-24 05:35:29.473473
Matieu Leo from GoogleMaps,"Accueil super ma conseill√®re est la meilleure toujours le sourire
Pas de probl√®me que des solutions
Ne prenez pas la t√™te un rdv se fait",5,2022-05-24 05:35:31.662446
K1MARO K1MARO from GoogleMaps,Aucuns services  aucuns sourires  y‚Äôa que des filles de banlieue des meufs qui se retournent √† chaque fois qu‚Äôelles voient un homme.,1,2022-05-24 05:35:33.851250
dj melka nenet from GoogleMaps,Pole emploi Montreuil une bande d'incapable 5 milliards d'euros pour √ßa !! aucune offre d'emploi valable proposer en 5 ans √ßa sent la magouille √† plein nez  pauvre France . n'attendez pas apr√®s eux pour trouver un boulot.,1,2019-05-24 05:35:36.052876
Marine Le Grand from GoogleMaps,"Tr√®s bon accueil, et r√©solution de probl√®me rapide.
N√©anmoins impossible de les avoir via le 3949",4,2022-05-24 05:35:38.248876
Nadia Methnani from GoogleMaps,Nul aujourd'hui j'√©tais √† pol√© emploi j'ai attendu 1 heure juste pour envoyer des couvriers je ne savais pas utiliser le logiciel ! C'est pas faute d'avoir demander!!Mais personne ne m'√©couter lol,1,2018-05-24 05:35:40.430237
Pingouin Malin from GoogleMaps,"Une conseill√®re tr√®s sympathique, a l‚Äô√©coute et tr√®s p√©dagogue au t√©l√©phone.",5,2022-05-24 05:35:42.646471
Michel CAVEL from GoogleMaps,"Finalement ce sont des fonctionnaires qui s‚Äôen fichent royalement, qui eux ont la s√©curit√© de l‚Äôemploi et un salaire qui tombe √† la fin du mois sans probl√®mes",1,2019-05-24 05:35:44.834890
Danie Ch from GoogleMaps,"Une vraie catastrophe ! Perte de temps assur√©e ! A FUIR  !
Z√©ro √©toile !! ...",1,2019-05-24 05:35:47.035138
John John (‚ÄúR√¶fal‚Äù) from GoogleMaps,"De gros incapables , l'administration francaise dans toute sa splendeur",1,2018-05-24 05:35:49.232178
Fran√ßois Barb√© from GoogleMaps,Merci pour le boulot effectu√© avec le peu que l'on vous donne !,5,2017-05-24 05:35:51.422180
Florine Lafleur from GoogleMaps,Merci des conseils ou des emplois que vous nous aider √† trouver,5,2017-05-24 05:35:53.614874
madjid haroun from GoogleMaps,Haroun93 accueil chaleureux service tr√®s organis√©,4,2017-05-24 05:35:55.791083
Ali Muhammad mudassar from GoogleMaps,La personnel tr√®s agressifs,1,2021-05-24 05:35:57.961447
TheOne from GoogleMaps,Merci √† Madame DEVIDAL !,5,2022-05-24 05:36:00.173703
charlene bertrand from GoogleMaps,Un accompagnement au top!,5,2019-05-24 05:36:02.360718
Lucinda Bosc from GoogleMaps,"Incomp√©tents, odieux et condescendants.",1,2020-05-24 05:36:04.557190
Nicky skyline from GoogleMaps,On bien re√ßu.,5,2017-05-24 05:36:06.766440
Laurent Mourey from GoogleMaps,√âquipe professionnelle !,4,2022-05-24 05:36:08.957512
fali ob from GoogleMaps,üíêüíêüíêüíêüíê ‚Ä¶,5,2019-05-24 05:36:11.183682
Guillaume Romatif from GoogleMaps,Pourquoi bloquer les mauvais avis ? C est la d√©mocratie ou une r√©publique banani√®re ?,1,2023-05-10 05:36:13.385143
Helena Resendiz Segoviano from GoogleMaps,"Je change mon avis car la deuxi√®me fois que j'y suis all√© ils m'ont tr√®s bien trait√©, je dirais excellent, malheureusement la femme de ma premi√®re anecdote √©tait assez grossi√®re, c'est tr√®s triste car lors de ma deuxi√®me visite j'ai rencontr√© des gens excellents, ils m'ont trait√© tr√®s, tr√®s bien, ils font un excellent travail et essentiel.

1√®re anecdote. Si je pouvais, je ne leur donnerais pas d'√©toiles. La personne qui m'a servi, super despote, pas sympathique et sans instruction. J'avais mon visa de travail et il ne voulait tout simplement pas le faire valider car j'avais un r√©c√©piss√©, apparemment pour ces personnes, m√™me si vous avez un visa valable un an d√©livr√© par le gouvernement fran√ßais, il n'est pas valid√© en France. Apparemment, cette dame croit qu'elle peut faire ce qu'elle veut, (excusez l'expression) passant le gouvernement fran√ßais par la queue. J'ai rat√© mon rendez-vous pour postuler √† un emploi, et maintenant je ne peux pas demander un autre rendez-vous parce que j'ai besoin de temps pour passer parce que cette femme grossi√®re qui a eu une mauvaise journ√©e, qui n'aime pas son travail, qui est d'√™tre fonctionnaire, d√©teste servir le public. Madame, si vous n'aimez pas votre travail, d√©missionnez, il y a beaucoup de gens pr√™ts √† prendre votre poste et je parie qu'ils seront mieux trait√©s que vous.",4,2018-05-24 05:36:13.576814
Fares Ahlam from GoogleMaps,,5,2022-06-24 05:36:26.275886
Nour Gabteni from GoogleMaps,,2,2020-05-24 05:36:38.479350
Hozaifa Zakaria from GoogleMaps,,5,2020-05-24 05:36:51.141919
K√•j√•≈à Ks from GoogleMaps,,5,2021-05-24 05:37:03.807099
vieillard marcel from GoogleMaps,,4,2020-05-24 05:37:16.473221
Brahim Tih from GoogleMaps,,4,2016-05-24 05:37:29.147920
Hedi Jroud from GoogleMaps,,1,2020-05-24 05:37:41.328009
Seydou Sylla from GoogleMaps,,5,2017-05-24 05:37:54.005396
faisal farooq from GoogleMaps,,5,2022-05-24 05:38:06.665110
bruno david from GoogleMaps,,1,2021-05-24 05:38:19.359135
Adam Alhedi from GoogleMaps,,5,2020-05-24 05:38:32.003074
Laure Bart from GoogleMaps,,5,2022-12-24 05:38:44.648516
Mariia Peruta from GoogleMaps,,4,2022-08-24 05:38:57.319523
charlot quentin from GoogleMaps,,1,2021-05-24 05:39:10.096085
Nawal Idrici from GoogleMaps,,1,2017-05-24 05:39:22.324246
Sa√Ød Hassani from GoogleMaps,,5,2020-05-24 05:39:35.025061
Issa Traore from GoogleMaps,,5,2020-05-24 05:39:47.675619
Stephen Kimbidima from GoogleMaps,,1,2017-05-24 05:40:00.363311
daba ndiaye from GoogleMaps,,4,2017-05-24 05:40:12.535589
Fuat Bilgen from GoogleMaps,,5,2019-05-24 05:40:25.230786
Caroline LIEGEOIS from GoogleMaps,,5,2022-05-24 05:40:37.865794
djamel Souilah from GoogleMaps,,1,2020-05-24 05:40:50.530344
ALB from GoogleMaps,,4,2019-05-24 05:41:03.150685
Mimo75 Mimi from GoogleMaps,,1,2017-05-24 05:41:15.747796
Mantovani Mary from GoogleMaps,,1,2019-05-24 05:41:28.395315
yac B from GoogleMaps,,1,2019-05-24 05:41:41.045050
nicopsfr from GoogleMaps,,1,2022-05-24 05:41:53.689171
Jean Marie Kali from GoogleMaps,,3,2018-05-24 05:42:06.354940
